,,,EYHL,Division 1,Division 2,Division 3,Division 4,Division 5,Division 6,Division 7,Mills Cup,Neville Cup,U21 Cup,Railway Cup,Intermediate Cup,Junior Cup,Minor Cup,Neville-Davin Cup,Galtrim Cup,Walters Cup,U16 Cup
,,Team Size,13+3,11+5,10+4,9+3,8+3,8+3,8+3,8+3,,,,,,,,,,,
Club,Code,RegSec,EY,D1,D2,D3,D4,D5,D6,D7,MLC,NVC,U21,RWC,INT,JUN,MIN,NDC,GLC,WLC,U16
Avoca,AV,carl.breaden@gmail.com,,1,,,2,3,,,1,1,,,2,3,,,,,
Bray,BR,info@brayhockeyclub.ie,,,,1,,,,2,,,,,1,,2,1,,,
Clontarf,CL,ash279@hotmail.com,,1,2,,,3,,4,1,1,,"1,2",,3,4,,1,,
Corinthian,CO,billy.oriordan@pioneerinvestments.com,,1,2,3,,,4,,1,1,,2,3,4,,,1,,
Dublin University,DU,browneje@tcd.ie,,1,,2,,,3,4,1,1,,1,2,2,4,,,,
Enniscorthy,EN,cfrothwell@gmail.com,,,,,,1,,2,,,,,,1,2,,,,
Fingal,FN,coconghaile@statestreet.com,,1,,,,,2,,1,1,,1,,2,,,,,
Glenanne,GL,Karl.crosbie1@gmail.com,1,,2,,3,,,,1,1,,2,3,,,,1,,
Kilkenny,KK,r.e.morris2009@gmail.com,,1,,,,,,,1,1,,1,,,,,,,
Monkstown,MK,monkstowncommittee@gmail.com,1,,2,3,4,,5,,1,1,,2,"3,4",5,,,1,,
Mullingar,ML,holger.marl1@gmail.com,,,,1,,,2,,,,,,,2,,1,,,
Naas,NS,hockey.naas@gmail.com,,,,1,,,2,,,,,,1,2,,,1,,
Navan,NV,jpddooley@gmail.com,,,,,1,,,2,,,,,1,,2,,,,
North Kildare,NK,register.nkhc@gmail.com,,,,,,1,,2,,,,,,1,2,1,,,
Pembroke Wanderers,PW,greg.furlong@gmail.com,1,,2,3,4,,5,6,1,1,,2,"3,4",5,6,,,,
Portrane,PR,adrianhenchy@gmail.com,,,,,1,,,,,,,,1,,,,,,
Railway Union,RU,frederick.gilmore2@mail.dcu.ie,1,,2,3,4,,5,,1,1,,2,"3,4",5,,,,,
Rathgar,RG,oneillgr@gmail.com,,1,2,,,3,,,1,1,,2,,3,,,,,
Skerries,SK,jimmy.mcbride@gmail.com,,,,,1,,,,,,,,1,,,,,,
St Brendans PP,SB,aryan@tantech.ie,,,,,,1,,2,,,,,,1,2,,,,
St James Gate,JG,paul468@eircom.net,,,,,,1,,2,,,,,,1,2,1,,,
Suttonians,SU,suttoniansfixtures@gmail.com,,,,,,1,,,,,,,,1,,,,,
TRR,TR,stevie_findlats@yahoo.com,1,,2,3,4,,,5,1,1,,2,"3,4",,5,,1,,
UCD,UC,ucdmenshockey@gmail.com,,1,,2,,,3,,1,1,,,2,3,,,,,
Weston,WS,derektucker5@gmail.com,,1,,,2,,3,,1,1,,1,2,3,,,,,
Wicklow,WW,secretary@wicklowhockeyclub.ie,,,,,,1,,2,,,,,,1,2,,1,,
YMCA,YM,registrations@ymcahc.ie,,1,2,3,,4,,5,1,1,,2,3,4,5,,1,,
Other EYHL,EY,user@nomail.com,1,,,,,,,,,,,,,,,,,,
Testclub,QQ,user@nomail.com,1,2,3,4,5,6,7,8,,,,,,,,,,,
,,,5,10,9,11,10,10,10,12,15,15,0,13,16,20,12,4,8,0,0